id_anotacao,classe,num_processo,corte,id_documento,prec
9d62b2351335,sum,5,STJ,20080509_Ag_990896_3774450,20080509_Ag_990896_3774450_sum_5_STJ
9d62b2351335,sum,7,STJ,20080509_Ag_990896_3774450,20080509_Ag_990896_3774450_sum_7_STJ
ae8f215522ae,sum,7,STJ,20091023_Ag_1205285_4053663,20091023_Ag_1205285_4053663_sum_7_STJ
64f6dc4dbe6c,resp,954286,STJ,20131209_AREsp_369524_5440326,20131209_AREsp_369524_5440326_resp_954286_STJ
64f6dc4dbe6c,resp,954286,STJ,20130404_AREsp_305361_5484019,20130404_AREsp_305361_5484019_resp_954286_STJ
b0ba030110da,resp,794106,STJ,20080529_REsp_1054635_2528322,20080529_REsp_1054635_2528322_resp_794106_STJ
98b3b4e4c683,sum,371,STJ,20120913_Ag_1299151_3982222,20120913_Ag_1299151_3982222_sum_371_STJ
98b3b4e4c683,sum,371,STJ,20150514_REsp_1353280_382208,20150514_REsp_1353280_382208_sum_371_STJ
c007f1f40014,sum,7,STJ,20131209_AREsp_369524_5440326,20131209_AREsp_369524_5440326_sum_7_STJ
a8ef9a73d94f,aresp,431782,STJ,20150514_REsp_1353280_382208,20150514_REsp_1353280_382208_aresp_431782_STJ
d045689be087,resp,952566,STJ,20110309_Ag_1382151_4383776,20110309_Ag_1382151_4383776_resp_952566_STJ
1b6cd447e09d,resp,972231,STJ,20091023_Ag_1205285_4053663,20091023_Ag_1205285_4053663_resp_972231_STJ
6b2b0c09d78e,resp,1002307,STJ,20081219_Ag_943418_7513484,20081219_Ag_943418_7513484_resp_1002307_STJ
6b2b0c09d78e,resp,1002307,STJ,20081212_REsp_1012999_2746074,20081212_REsp_1012999_2746074_resp_1002307_STJ
6b2b0c09d78e,resp,1002307,STJ,20090805_REsp_988520_3047564,20090805_REsp_988520_3047564_resp_1002307_STJ
97e185a54971,ag,660525,STJ,20090805_REsp_988520_3047564,20090805_REsp_988520_3047564_ag_660525_STJ
23bbbe44d8a2,resp,1128787,STJ,20120910_AREsp_106937_6681700,20120910_AREsp_106937_6681700_resp_1128787_STJ
b43e88a201c8,sum,182,STJ,20170523_AREsp_1019595_8600219,20170523_AREsp_1019595_8600219_sum_182_STJ
b43e88a201c8,sum,182,STJ,20170523_AREsp_1019595_8600219,20170523_AREsp_1019595_8600219_sum_182_STJ
b43e88a201c8,sum,182,STJ,20160310_AREsp_807909_8967298,20160310_AREsp_807909_8967298_sum_182_STJ
132b8cf250d1,resp,940274,STJ,20131209_AREsp_369524_5440326,20131209_AREsp_369524_5440326_resp_940274_STJ
23e96c0b3db5,resp,988126,STJ,20130829_REsp_1377764_2261836,20130829_REsp_1377764_2261836_resp_988126_STJ
878428fb0235,resp,987841,STJ,20081219_Ag_943418_7513484,20081219_Ag_943418_7513484_resp_987841_STJ
878428fb0235,resp,987841,STJ,20081212_REsp_1012999_2746074,20081212_REsp_1012999_2746074_resp_987841_STJ
878428fb0235,resp,987841,STJ,20090805_REsp_988520_3047564,20090805_REsp_988520_3047564_resp_987841_STJ
247fd9350d76,sum,7,STJ,20100602_Ag_1302917_4124165,20100602_Ag_1302917_4124165_sum_7_STJ
4b5639aa1037,sum,371,STJ,20110505_Ag_1397103_4362216,20110505_Ag_1397103_4362216_sum_371_STJ
5777ebd90ccc,sum,7,STJ,20111114_Ag_1419867_3969826,20111114_Ag_1419867_3969826_sum_7_STJ
d865f2b67d0e,resp,1057661,STJ,20080804_Ag_1057544_76275,20080804_Ag_1057544_76275_resp_1057661_STJ
49d475ff1dcd,sum,7,STJ,20150514_REsp_1353280_382208,20150514_REsp_1353280_382208_sum_7_STJ
49d475ff1dcd,sum,7,STJ,20171205_AREsp_878588_8677951,20171205_AREsp_878588_8677951_sum_7_STJ
49d475ff1dcd,sum,7,STJ,20101004_Ag_1258374_4140506,20101004_Ag_1258374_4140506_sum_7_STJ
49d475ff1dcd,sum,7,STJ,20120228_AREsp_92285_6573943,20120228_AREsp_92285_6573943_sum_7_STJ
49d475ff1dcd,sum,7,STJ,20081114_REsp_989746_1804800,20081114_REsp_989746_1804800_sum_7_STJ
5de785cc04df,sum,54,STJ,20110413_REsp_1136904_2910686,20110413_REsp_1136904_2910686_sum_54_STJ
a1766f5661a5,resp,1115496,STJ,20110413_REsp_1136904_2910686,20110413_REsp_1136904_2910686_resp_1115496_STJ
41ef00286b40,aresp,158707,STJ,20150514_REsp_1353280_382208,20150514_REsp_1353280_382208_aresp_158707_STJ
419ff12dae2a,ag,723162,STJ,20081008_Ag_973204_7540554,20081008_Ag_973204_7540554_ag_723162_STJ
f56991ed94ee,resp,1228248,STJ,20111206_REsp_1277183_3101906,20111206_REsp_1277183_3101906_resp_1228248_STJ
cfe185c32fed,eresp,706331,STJ,20130829_REsp_1377764_2261836,20130829_REsp_1377764_2261836_eresp_706331_STJ
5ce601271165,aresp,885350,STJ,20161014_AREsp_956109_8633649,20161014_AREsp_956109_8633649_aresp_885350_STJ
0508df720f91,sum,284,STF,20110413_REsp_1136904_2910686,20110413_REsp_1136904_2910686_sum_284_STF
e2054afdb2c8,resp,822914,STJ,20081219_Ag_943418_7513484,20081219_Ag_943418_7513484_resp_822914_STJ
e2054afdb2c8,resp,822914,STJ,20081212_REsp_1012999_2746074,20081212_REsp_1012999_2746074_resp_822914_STJ
e2054afdb2c8,resp,822914,STJ,20090805_REsp_988520_3047564,20090805_REsp_988520_3047564_resp_822914_STJ
58001354207d,resp,289121,STJ,20120831_REsp_1289427_2196193,20120831_REsp_1289427_2196193_resp_289121_STJ
a0a0edbc0a28,aresp,187598,STJ,20130606_AREsp_322420_5056138,20130606_AREsp_322420_5056138_aresp_187598_STJ
a136da09c229,ag,1358009,STJ,20160310_AREsp_807909_8967298,20160310_AREsp_807909_8967298_ag_1358009_STJ
977636e591a4,sum,7,STJ,20100920_Ag_1243275_4232662,20100920_Ag_1243275_4232662_sum_7_STJ
775a64f94923,resp,975834,STJ,20081008_Ag_973204_7540554,20081008_Ag_973204_7540554_resp_975834_STJ
775a64f94923,resp,975834,STJ,20110324_Ag_1376571_4149556,20110324_Ag_1376571_4149556_resp_975834_STJ
d8bb08b615b0,ag,714155,STJ,20101004_Ag_1258374_4140506,20101004_Ag_1258374_4140506_ag_714155_STJ
8c0a4bbd9532,cc,103025,STJ,20150408_CC_139489_755443,20150408_CC_139489_755443_cc_103025_STJ
dde7c93a0ef8,resp,1025298,STJ,20120503_Ag_1430466_4088453,20120503_Ag_1430466_4088453_resp_1025298_STJ
1cd0f75c2612,resp,845763,STJ,20081219_Ag_943418_7513484,20081219_Ag_943418_7513484_resp_845763_STJ
1cd0f75c2612,resp,845763,STJ,20081212_REsp_1012999_2746074,20081212_REsp_1012999_2746074_resp_845763_STJ
1cd0f75c2612,resp,845763,STJ,20090805_REsp_988520_3047564,20090805_REsp_988520_3047564_resp_845763_STJ
d99c0185612a,resp,1098311,STJ,20140618_AREsp_459670_5524065,20140618_AREsp_459670_5524065_resp_1098311_STJ
6796cc507761,sum,187,STJ,20140618_AREsp_459670_5524065,20140618_AREsp_459670_5524065_sum_187_STJ
ee068ec2b475,sum,211,STJ,20150514_REsp_1353280_382208,20150514_REsp_1353280_382208_sum_211_STJ
6afc3f2c7347,ag,977769,STJ,20130606_AREsp_322420_5056138,20130606_AREsp_322420_5056138_ag_977769_STJ
a81f84532ab3,sum,7,STJ,20131209_AREsp_369524_5440326,20131209_AREsp_369524_5440326_sum_7_STJ
0e1f49134fb1,aresp,105861,STJ,20140618_AREsp_459670_5524065,20140618_AREsp_459670_5524065_aresp_105861_STJ
c440a223711d,ag,1399398,STJ,20130404_AREsp_305361_5484019,20130404_AREsp_305361_5484019_ag_1399398_STJ
9de8bfc7ed33,mc,13186,STJ,20120831_REsp_1289427_2196193,20120831_REsp_1289427_2196193_mc_13186_STJ
d23b2abd303a,sum,371,STJ,20110324_Ag_1376571_4149556,20110324_Ag_1376571_4149556_sum_371_STJ
d23b2abd303a,sum,371,STJ,20150701_REsp_1357149_499222,20150701_REsp_1357149_499222_sum_371_STJ
d23b2abd303a,sum,371,STJ,20150514_REsp_1353280_382208,20150514_REsp_1353280_382208_sum_371_STJ
091ee333b6c7,sum,123,STJ,20161014_AREsp_956109_8633649,20161014_AREsp_956109_8633649_sum_123_STJ
fa73fc502c17,sum,7,STJ,20150514_REsp_1353280_382208,20150514_REsp_1353280_382208_sum_7_STJ
fa73fc502c17,sum,7,STJ,20150514_REsp_1353280_382208,20150514_REsp_1353280_382208_sum_7_STJ
08f037538dac,resp,1194892,STJ,20120910_AREsp_106937_6681700,20120910_AREsp_106937_6681700_resp_1194892_STJ
46fb963dcca5,ag,825641,STJ,20090921_Ag_1183597_4559317,20090921_Ag_1183597_4559317_ag_825641_STJ
7d2b0b3258da,sum,5,STJ,20141219_AREsp_405831_5268127,20141219_AREsp_405831_5268127_sum_5_STJ
7d2b0b3258da,sum,7,STJ,20141219_AREsp_405831_5268127,20141219_AREsp_405831_5268127_sum_7_STJ
35af310b543e,sum,123,STJ,20100602_Ag_1304904_162729,20100602_Ag_1304904_162729_sum_123_STJ
75b03b391f58,resp,978545,STJ,20091016_REsp_1138831_2943894,20091016_REsp_1138831_2943894_resp_978545_STJ
f6ff7a029ac8,sum,34,STJ,20110324_Ag_1376571_4149556,20110324_Ag_1376571_4149556_sum_34_STJ
31472ba24fd8,ag,1092421,STJ,20131209_AREsp_369524_5440326,20131209_AREsp_369524_5440326_ag_1092421_STJ
6780dec46a7a,resp,834758,STJ,20081219_Ag_943418_7513484,20081219_Ag_943418_7513484_resp_834758_STJ
6780dec46a7a,resp,834758,STJ,20081212_REsp_1012999_2746074,20081212_REsp_1012999_2746074_resp_834758_STJ
6780dec46a7a,resp,834758,STJ,20090805_REsp_988520_3047564,20090805_REsp_988520_3047564_resp_834758_STJ
a5ba83b1465d,sum,7,STJ,20090805_REsp_988520_3047564,20090805_REsp_988520_3047564_sum_7_STJ
ba002a35e51b,resp,1041226,STJ,20080804_Ag_1057544_76275,20080804_Ag_1057544_76275_resp_1041226_STJ
2f54d800445a,ag,1233080,STJ,20131209_AREsp_369524_5440326,20131209_AREsp_369524_5440326_ag_1233080_STJ
109843c57efd,sum,83,STJ,20130606_AREsp_322420_5056138,20130606_AREsp_322420_5056138_sum_83_STJ
ce23d92717f2,resp,940274,STJ,20131209_AREsp_369524_5440326,20131209_AREsp_369524_5440326_resp_940274_STJ
bc138c618f13,sum,7,STJ,20151201_AREsp_687468_8874400,20151201_AREsp_687468_8874400_sum_7_STJ
ad2dfe4004b2,sum,7,STJ,20171205_AREsp_878588_8677951,20171205_AREsp_878588_8677951_sum_7_STJ
0ef3a826f230,aresp,187598,STJ,20131209_AREsp_369524_5440326,20131209_AREsp_369524_5440326_aresp_187598_STJ
777fa616aae2,resp,954859,STJ,20091016_REsp_1138831_2943894,20091016_REsp_1138831_2943894_resp_954859_STJ
7e03cc32f7a4,ag,1033150,STJ,20081219_Ag_943418_7513484,20081219_Ag_943418_7513484_ag_1033150_STJ
7e03cc32f7a4,ag,1033150,STJ,20081212_REsp_1012999_2746074,20081212_REsp_1012999_2746074_ag_1033150_STJ
7e03cc32f7a4,ag,1033150,STJ,20090805_REsp_988520_3047564,20090805_REsp_988520_3047564_ag_1033150_STJ
200c6799341d,sum,182,STJ,20160310_AREsp_807909_8967298,20160310_AREsp_807909_8967298_sum_182_STJ
99142b60a3b1,sum,7,STJ,20131209_AREsp_369524_5440326,20131209_AREsp_369524_5440326_sum_7_STJ
f30fb72c124f,resp,845763,STJ,20130403_AREsp_263271_5299358,20130403_AREsp_263271_5299358_resp_845763_STJ
3a310ef91ea6,ag,1301512,STJ,20100902_Ag_1326494_4002515,20100902_Ag_1326494_4002515_ag_1301512_STJ
a9fb8df9f3c0,resp,1134186,STJ,20150514_REsp_1353280_382208,20150514_REsp_1353280_382208_resp_1134186_STJ
00b6c5b74729,resp,1183842,STJ,20120831_REsp_1289427_2196193,20120831_REsp_1289427_2196193_resp_1183842_STJ
0457a07af62f,sum,98,STJ,20131209_AREsp_369524_5440326,20131209_AREsp_369524_5440326_sum_98_STJ
0457a07af62f,sum,98,STJ,20130404_AREsp_305361_5484019,20130404_AREsp_305361_5484019_sum_98_STJ
3aef88714915,eresp,988110,STJ,20111125_AREsp_43328_5594544,20111125_AREsp_43328_5594544_eresp_988110_STJ
61b0998baba1,ag,1000165,STJ,20080804_Ag_1057544_76275,20080804_Ag_1057544_76275_ag_1000165_STJ
30aee5df5b08,resp,1062464,STJ,20131209_AREsp_369524_5440326,20131209_AREsp_369524_5440326_resp_1062464_STJ
6906b8120f4c,resp,962362,STJ,20120228_AREsp_92285_6573943,20120228_AREsp_92285_6573943_resp_962362_STJ
3806bd6c10b3,cc,146036,STJ,20170802_CC_153267_8334312,20170802_CC_153267_8334312_cc_146036_STJ
bddf71011c35,sum,7,STJ,20131209_AREsp_369524_5440326,20131209_AREsp_369524_5440326_sum_7_STJ
bddf71011c35,sum,7,STJ,20131209_AREsp_369524_5440326,20131209_AREsp_369524_5440326_sum_7_STJ
87df20c6dae8,sum,7,STJ,20150514_REsp_1353280_382208,20150514_REsp_1353280_382208_sum_7_STJ
87df20c6dae8,sum,7,STJ,20150514_REsp_1353280_382208,20150514_REsp_1353280_382208_sum_7_STJ
5b27220b829a,resp,1037208,STJ,20090417_REsp_1095034_1908415,20090417_REsp_1095034_1908415_resp_1037208_STJ
3c7e32fdf95b,cc,146657,STJ,20170802_CC_153267_8334312,20170802_CC_153267_8334312_cc_146657_STJ
b927882c37c9,sum,5,STJ,20171205_AREsp_878588_8677951,20171205_AREsp_878588_8677951_sum_5_STJ
b927882c37c9,sum,7,STJ,20171205_AREsp_878588_8677951,20171205_AREsp_878588_8677951_sum_7_STJ
79f3bce45f94,sum,5,STJ,20081114_REsp_989746_1804800,20081114_REsp_989746_1804800_sum_5_STJ
79f3bce45f94,sum,5,STJ,20120626_AREsp_168724_6650706,20120626_AREsp_168724_6650706_sum_5_STJ
79f3bce45f94,sum,7,STJ,20081114_REsp_989746_1804800,20081114_REsp_989746_1804800_sum_7_STJ
79f3bce45f94,sum,7,STJ,20120626_AREsp_168724_6650706,20120626_AREsp_168724_6650706_sum_7_STJ
29d8e3f683f9,resp,940274,STJ,20131209_AREsp_369524_5440326,20131209_AREsp_369524_5440326_resp_940274_STJ
eb909efee3d6,resp,1191480,STJ,20120808_AREsp_73871_5107670,20120808_AREsp_73871_5107670_resp_1191480_STJ
5b4cd788d410,resp,1164488,STJ,20170609_REsp_1362821_8156706,20170609_REsp_1362821_8156706_resp_1164488_STJ
c37c2730f9c1,resp,975834,STJ,20090403_REsp_1044558_536654,20090403_REsp_1044558_536654_resp_975834_STJ
e0984db28de6,resp,504532,STJ,20120831_REsp_1289427_2196193,20120831_REsp_1289427_2196193_resp_504532_STJ
3d46470d44ea,sum,284,STF,20150514_REsp_1353280_382208,20150514_REsp_1353280_382208_sum_284_STF
3d46470d44ea,sum,284,STF,20091016_REsp_1138831_2943894,20091016_REsp_1138831_2943894_sum_284_STF
ba3c012045dc,resp,975834,STJ,20081008_Ag_973204_7540554,20081008_Ag_973204_7540554_resp_975834_STJ
ba3c012045dc,resp,975834,STJ,20130403_AREsp_263271_5299358,20130403_AREsp_263271_5299358_resp_975834_STJ
8529bae3cfc9,resp,450405,STJ,20170609_REsp_1362821_8156706,20170609_REsp_1362821_8156706_resp_450405_STJ
440b9a5cccd6,resp,1033241,STJ,20170609_REsp_1362821_8156706,20170609_REsp_1362821_8156706_resp_1033241_STJ
f8cb460b8c7d,sum,83,STJ,20161121_AREsp_918447_8821138,20161121_AREsp_918447_8821138_sum_83_STJ
8eb1e2f34bb2,resp,1175422,STJ,20111122_AREsp_37680_5187092,20111122_AREsp_37680_5187092_resp_1175422_STJ
1f2395de286b,resp,1171095,STJ,20101201_REsp_1166437_1696983,20101201_REsp_1166437_1696983_resp_1171095_STJ
44defb480a6f,resp,940274,STJ,20150514_REsp_1353280_382208,20150514_REsp_1353280_382208_resp_940274_STJ
5a914958b93a,ag,477243,STJ,20081114_REsp_989746_1804800,20081114_REsp_989746_1804800_ag_477243_STJ
471134fab7b5,resp,1340158,STJ,20131209_AREsp_369524_5440326,20131209_AREsp_369524_5440326_resp_1340158_STJ
c3097394e28b,resp,600784,STJ,20111114_Ag_1419867_3969826,20111114_Ag_1419867_3969826_resp_600784_STJ
3b14a0d95a6e,ag,627006,STJ,20091016_REsp_1138831_2943894,20091016_REsp_1138831_2943894_ag_627006_STJ
09cc46959809,resp,1164626,STJ,20120910_AREsp_106937_6681700,20120910_AREsp_106937_6681700_resp_1164626_STJ
2503f8d0cd4e,resp,1061669,STJ,20111114_Ag_1419867_3969826,20111114_Ag_1419867_3969826_resp_1061669_STJ
c3ce8274327c,resp,1033241,STJ,20111114_Ag_1419867_3969826,20111114_Ag_1419867_3969826_resp_1033241_STJ
a9205da6fb33,sum,5,STJ,20110413_REsp_1136904_2910686,20110413_REsp_1136904_2910686_sum_5_STJ
a9205da6fb33,sum,7,STJ,20110413_REsp_1136904_2910686,20110413_REsp_1136904_2910686_sum_7_STJ
e0592f51c5d4,resp,1053264,STJ,20120228_AREsp_92285_6573943,20120228_AREsp_92285_6573943_resp_1053264_STJ
b7787c6aa38a,resp,1170846,STJ,20140415_REsp_1301621_1695523,20140415_REsp_1301621_1695523_resp_1170846_STJ
b7787c6aa38a,resp,1176707,STJ,20140415_REsp_1301621_1695523,20140415_REsp_1301621_1695523_resp_1176707_STJ
ac405835ef8b,resp,1034255,STJ,20120808_AREsp_73871_5107670,20120808_AREsp_73871_5107670_resp_1034255_STJ
6ae7c2c5a48f,resp,1015470,STJ,20100602_Ag_1302917_4124165,20100602_Ag_1302917_4124165_resp_1015470_STJ
e1f74908a021,sum,5,STJ,20081212_REsp_1012999_2746074,20081212_REsp_1012999_2746074_sum_5_STJ
e1f74908a021,sum,7,STJ,20081212_REsp_1012999_2746074,20081212_REsp_1012999_2746074_sum_7_STJ
31dca93eff73,sum,371,STJ,20150514_REsp_1353280_382208,20150514_REsp_1353280_382208_sum_371_STJ
664764bdb38f,resp,810667,STJ,20101004_Ag_1258374_4140506,20101004_Ag_1258374_4140506_resp_810667_STJ
276a159e0d6a,resp,829835,STJ,20130403_AREsp_263271_5299358,20130403_AREsp_263271_5299358_resp_829835_STJ
fca81a92594c,resp,984543,STJ,20091023_Ag_1205285_4053663,20091023_Ag_1205285_4053663_resp_984543_STJ
d85011bc13e1,ag,997005,STJ,20100602_Ag_1302917_4124165,20100602_Ag_1302917_4124165_ag_997005_STJ
5c64e42bc152,rcl,100834420155050371,STJ,20170802_CC_153267_8334312,20170802_CC_153267_8334312_rcl_100834420155050371_STJ
5c64e42bc152,rcl,100834420155050371,STJ,20170802_CC_153267_8334312,20170802_CC_153267_8334312_rcl_100834420155050371_STJ
38cd6c4bda11,resp,1397076,STJ,20151201_AREsp_687468_8874400,20151201_AREsp_687468_8874400_resp_1397076_STJ
0e450e0411f0,sum,284,STF,20150514_REsp_1353280_382208,20150514_REsp_1353280_382208_sum_284_STF
540a93892ddd,ag,1394066,STJ,20120626_AREsp_168724_6650706,20120626_AREsp_168724_6650706_ag_1394066_STJ
e7ae9a0cc1bb,aresp,231636,STJ,20131209_AREsp_369524_5440326,20131209_AREsp_369524_5440326_aresp_231636_STJ
0a7ee8d79da4,sum,83,STJ,20130606_AREsp_322420_5056138,20130606_AREsp_322420_5056138_sum_83_STJ
ac5f72fb701b,sum,182,STJ,20171205_AREsp_878588_8677951,20171205_AREsp_878588_8677951_sum_182_STJ
3e7171766183,sum,83,STJ,20171205_AREsp_878588_8677951,20171205_AREsp_878588_8677951_sum_83_STJ
3bb5f6a9b8a9,aresp,195560,STJ,20130404_AREsp_305361_5484019,20130404_AREsp_305361_5484019_aresp_195560_STJ
6b5cd546f8f3,resp,1070896,STJ,20130204_AREsp_268496_6685896,20130204_AREsp_268496_6685896_resp_1070896_STJ
9a46b4f0e27f,sum,7,STJ,20091023_Ag_1205285_4053663,20091023_Ag_1205285_4053663_sum_7_STJ
3d4282b4f432,sum,7,STJ,20171205_AREsp_878588_8677951,20171205_AREsp_878588_8677951_sum_7_STJ
ba89673b8987,sd,205,STJ,20111125_AREsp_43328_5594544,20111125_AREsp_43328_5594544_sd_205_STJ
34fd329090fd,sum,7,STJ,20110413_REsp_1136904_2910686,20110413_REsp_1136904_2910686_sum_7_STJ
3acc5f0752b8,sum,98,STJ,20130404_AREsp_305361_5484019,20130404_AREsp_305361_5484019_sum_98_STJ
c92bbcd6a652,sum,182,STJ,20160310_AREsp_807909_8967298,20160310_AREsp_807909_8967298_sum_182_STJ
ed2af744b1f8,cc,148536,STJ,20170802_CC_153267_8334312,20170802_CC_153267_8334312_cc_148536_STJ
82671a88a271,resp,1029688,STJ,20150514_REsp_1353280_382208,20150514_REsp_1353280_382208_resp_1029688_STJ
4d020cae355c,resp,1033241,STJ,20130404_AREsp_305361_5484019,20130404_AREsp_305361_5484019_resp_1033241_STJ
4abf2b41de41,resp,213287,STJ,20110413_REsp_1136904_2910686,20110413_REsp_1136904_2910686_resp_213287_STJ
fe821f2edde1,resp,401154,STJ,20120320_Ag_1430506_4483324,20120320_Ag_1430506_4483324_resp_401154_STJ
0b2a540fa368,sum,5,STJ,20120626_AREsp_168724_6650706,20120626_AREsp_168724_6650706_sum_5_STJ
0b2a540fa368,sum,7,STJ,20120626_AREsp_168724_6650706,20120626_AREsp_168724_6650706_sum_7_STJ
a1b1cca24346,sum,182,STJ,20160310_AREsp_807909_8967298,20160310_AREsp_807909_8967298_sum_182_STJ
a1b1cca24346,sum,182,STJ,20160310_AREsp_807909_8967298,20160310_AREsp_807909_8967298_sum_182_STJ
71fcca13197e,sum,123,STJ,20110630_Ag_1336237_4595480,20110630_Ag_1336237_4595480_sum_123_STJ
477f10c95f80,sum,284,STF,20081212_REsp_1012999_2746074,20081212_REsp_1012999_2746074_sum_284_STF
e56340a86cba,resp,1232392,STJ,20131209_AREsp_369524_5440326,20131209_AREsp_369524_5440326_resp_1232392_STJ
5663cf8be53a,resp,1133689,STJ,20131209_AREsp_369524_5440326,20131209_AREsp_369524_5440326_resp_1133689_STJ
5663cf8be53a,resp,1133689,STJ,20130606_AREsp_322420_5056138,20130606_AREsp_322420_5056138_resp_1133689_STJ
69685f02451e,ag,1392107,STJ,20131209_AREsp_369524_5440326,20131209_AREsp_369524_5440326_ag_1392107_STJ
3c2352d05af2,sum,211,STJ,20141219_AREsp_405831_5268127,20141219_AREsp_405831_5268127_sum_211_STJ
19a200508325,sum,98,STJ,20130404_AREsp_305361_5484019,20130404_AREsp_305361_5484019_sum_98_STJ
1d8dff52d0f7,resp,1112717,STJ,20130606_AREsp_322420_5056138,20130606_AREsp_322420_5056138_resp_1112717_STJ
6c42eb553a93,sum,7,STJ,20100226_Ag_1184980_4140139,20100226_Ag_1184980_4140139_sum_7_STJ
047aa7eed934,ag,685087,STJ,20140423_AREsp_322955_5301468,20140423_AREsp_322955_5301468_ag_685087_STJ
3ffe5466942c,sum,7,STJ,20160310_AREsp_807909_8967298,20160310_AREsp_807909_8967298_sum_7_STJ
3ffe5466942c,sum,7,STJ,20160310_AREsp_807909_8967298,20160310_AREsp_807909_8967298_sum_7_STJ
3ffe5466942c,sum,7,STJ,20160310_AREsp_807909_8967298,20160310_AREsp_807909_8967298_sum_7_STJ
fae078d5d042,pet,4357,STJ,20101109_Ag_1350556_4517432,20101109_Ag_1350556_4517432_pet_4357_STJ
e8b0fbdca4e3,resp,1045181,STJ,20080804_Ag_1057544_76275,20080804_Ag_1057544_76275_resp_1045181_STJ
6b8ec6bdb9a9,resp,1136370,STJ,20150514_REsp_1353280_382208,20150514_REsp_1353280_382208_resp_1136370_STJ
d882b4078eb2,resp,1268695,STJ,20111114_Ag_1419867_3969826,20111114_Ag_1419867_3969826_resp_1268695_STJ
91b8d20119b5,sum,284,STF,20150514_REsp_1353280_382208,20150514_REsp_1353280_382208_sum_284_STF
91b8d20119b5,sum,284,STF,20110413_REsp_1136904_2910686,20110413_REsp_1136904_2910686_sum_284_STF
91b8d20119b5,sum,284,STF,20150514_REsp_1353280_382208,20150514_REsp_1353280_382208_sum_284_STF
91b8d20119b5,sum,284,STF,20160601_REsp_1579307_7718139,20160601_REsp_1579307_7718139_sum_284_STF
96c0686b3835,resp,1037208,STJ,20081219_Ag_943418_7513484,20081219_Ag_943418_7513484_resp_1037208_STJ
96c0686b3835,resp,1037208,STJ,20081212_REsp_1012999_2746074,20081212_REsp_1012999_2746074_resp_1037208_STJ
ff0692580d58,resp,1345624,STJ,20131209_AREsp_369524_5440326,20131209_AREsp_369524_5440326_resp_1345624_STJ
f795ae0580cc,sum,7,STJ,20090805_REsp_988520_3047564,20090805_REsp_988520_3047564_sum_7_STJ
f671a5f56800,sum,5,STJ,20171205_AREsp_878588_8677951,20171205_AREsp_878588_8677951_sum_5_STJ
a057a6750e00,aresp,241568,STJ,20130204_AREsp_268496_6685896,20130204_AREsp_268496_6685896_aresp_241568_STJ
7dfc73d81d2d,sum,5,STJ,20171205_AREsp_878588_8677951,20171205_AREsp_878588_8677951_sum_5_STJ
7dfc73d81d2d,sum,5,STJ,20111013_Ag_1408096_4581158,20111013_Ag_1408096_4581158_sum_5_STJ
7dfc73d81d2d,sum,7,STJ,20171205_AREsp_878588_8677951,20171205_AREsp_878588_8677951_sum_7_STJ
7dfc73d81d2d,sum,7,STJ,20111013_Ag_1408096_4581158,20111013_Ag_1408096_4581158_sum_7_STJ
7b12838167d0,resp,1066582,STJ,20100902_Ag_1326494_4002515,20100902_Ag_1326494_4002515_resp_1066582_STJ
edf56913925c,ag,572433,STJ,20090805_REsp_988520_3047564,20090805_REsp_988520_3047564_ag_572433_STJ
edf56913925c,ag,572433,STJ,20090805_REsp_988520_3047564,20090805_REsp_988520_3047564_ag_572433_STJ
455374f595c3,aresp,230079,STJ,20130404_AREsp_305361_5484019,20130404_AREsp_305361_5484019_aresp_230079_STJ
cad456c156db,resp,1301989,STJ,20150514_REsp_1353280_382208,20150514_REsp_1353280_382208_resp_1301989_STJ
b17a67b9e938,sum,182,STJ,20161121_AREsp_918447_8821138,20161121_AREsp_918447_8821138_sum_182_STJ
f81074e09fbd,sum,5,STJ,20101109_Ag_1350556_4517432,20101109_Ag_1350556_4517432_sum_5_STJ
f81074e09fbd,sum,5,STJ,20111013_Ag_1408096_4581158,20111013_Ag_1408096_4581158_sum_5_STJ
f81074e09fbd,sum,7,STJ,20101109_Ag_1350556_4517432,20101109_Ag_1350556_4517432_sum_7_STJ
f81074e09fbd,sum,7,STJ,20111013_Ag_1408096_4581158,20111013_Ag_1408096_4581158_sum_7_STJ
3da5a331da4e,sum,7,STJ,20080626_Ag_1038374_4438995,20080626_Ag_1038374_4438995_sum_7_STJ
3da5a331da4e,sum,7,STJ,20091023_Ag_1205285_4053663,20091023_Ag_1205285_4053663_sum_7_STJ
6c19070999c7,sum,284,STF,20110413_REsp_1136904_2910686,20110413_REsp_1136904_2910686_sum_284_STF
6c19070999c7,sum,284,STF,20110413_REsp_1136904_2910686,20110413_REsp_1136904_2910686_sum_284_STF
f37c08a4eed8,sum,283,STJ,20161014_AREsp_956109_8633649,20161014_AREsp_956109_8633649_sum_283_STJ
282cea6b6599,resp,1033241,STJ,20150514_REsp_1353280_382208,20150514_REsp_1353280_382208_resp_1033241_STJ
ebdfca5a7d9b,sum,211,STJ,20150514_REsp_1353280_382208,20150514_REsp_1353280_382208_sum_211_STJ
050938e580df,sum,7,STJ,20131209_AREsp_369524_5440326,20131209_AREsp_369524_5440326_sum_7_STJ
aef23c140e77,sum,83,STJ,20111013_Ag_1408096_4581158,20111013_Ag_1408096_4581158_sum_83_STJ
aef23c140e77,sum,83,STJ,20171205_AREsp_878588_8677951,20171205_AREsp_878588_8677951_sum_83_STJ
c46044430deb,aresp,242145,STJ,20130204_AREsp_268496_6685896,20130204_AREsp_268496_6685896_aresp_242145_STJ
ced57b93b799,sum,7,STJ,20131209_AREsp_369524_5440326,20131209_AREsp_369524_5440326_sum_7_STJ
56dae0c5f08e,sum,7,STJ,20170523_AREsp_1019595_8600219,20170523_AREsp_1019595_8600219_sum_7_STJ
56dae0c5f08e,sum,7,STJ,20091023_Ag_1205285_4053663,20091023_Ag_1205285_4053663_sum_7_STJ
56dae0c5f08e,sum,7,STJ,20091016_REsp_1138831_2943894,20091016_REsp_1138831_2943894_sum_7_STJ
56dae0c5f08e,sum,7,STJ,20100902_Ag_1326494_4002515,20100902_Ag_1326494_4002515_sum_7_STJ
56dae0c5f08e,sum,7,STJ,20101004_Ag_1258374_4140506,20101004_Ag_1258374_4140506_sum_7_STJ
56dae0c5f08e,sum,7,STJ,20120228_AREsp_92285_6573943,20120228_AREsp_92285_6573943_sum_7_STJ
56dae0c5f08e,sum,7,STJ,20160823_AREsp_845325_9029818,20160823_AREsp_845325_9029818_sum_7_STJ
56dae0c5f08e,sum,7,STJ,20170523_AREsp_1019595_8600219,20170523_AREsp_1019595_8600219_sum_7_STJ
56dae0c5f08e,sum,7,STJ,20170523_AREsp_1019595_8600219,20170523_AREsp_1019595_8600219_sum_7_STJ
56dae0c5f08e,sum,7,STJ,20111114_Ag_1419867_3969826,20111114_Ag_1419867_3969826_sum_7_STJ
429c3ccce09c,resp,612786,STJ,20101217_Ag_1365355_4202989,20101217_Ag_1365355_4202989_resp_612786_STJ
429c3ccce09c,resp,612786,STJ,20110309_Ag_1382151_4383776,20110309_Ag_1382151_4383776_resp_612786_STJ
e3374eb446ad,sum,211,STJ,20111216_AREsp_60439_5532459,20111216_AREsp_60439_5532459_sum_211_STJ
e3374eb446ad,sum,211,STJ,20110413_REsp_1136904_2910686,20110413_REsp_1136904_2910686_sum_211_STJ
57d836e5c066,resp,1033241,STJ,20090417_REsp_1095034_1908415,20090417_REsp_1095034_1908415_resp_1033241_STJ
0dee64b3edae,resp,906252,STJ,20120831_REsp_1289427_2196193,20120831_REsp_1289427_2196193_resp_906252_STJ
c1d633942a69,sum,284,STF,20160601_REsp_1579307_7718139,20160601_REsp_1579307_7718139_sum_284_STF
97bd649e1d80,sum,98,STJ,20120320_Ag_1430506_4483324,20120320_Ag_1430506_4483324_sum_98_STJ
63b632da2d60,sum,5,STJ,20111013_Ag_1408096_4581158,20111013_Ag_1408096_4581158_sum_5_STJ
63b632da2d60,sum,5,STJ,20111114_Ag_1419867_3969826,20111114_Ag_1419867_3969826_sum_5_STJ
63b632da2d60,sum,5,STJ,20121011_AREsp_141442_5088977,20121011_AREsp_141442_5088977_sum_5_STJ
63b632da2d60,sum,5,STJ,20141219_AREsp_405831_5268127,20141219_AREsp_405831_5268127_sum_5_STJ
63b632da2d60,sum,5,STJ,20080529_REsp_1054635_2528322,20080529_REsp_1054635_2528322_sum_5_STJ
63b632da2d60,sum,7,STJ,20111013_Ag_1408096_4581158,20111013_Ag_1408096_4581158_sum_7_STJ
63b632da2d60,sum,7,STJ,20111114_Ag_1419867_3969826,20111114_Ag_1419867_3969826_sum_7_STJ
63b632da2d60,sum,7,STJ,20121011_AREsp_141442_5088977,20121011_AREsp_141442_5088977_sum_7_STJ
63b632da2d60,sum,7,STJ,20141219_AREsp_405831_5268127,20141219_AREsp_405831_5268127_sum_7_STJ
63b632da2d60,sum,7,STJ,20080529_REsp_1054635_2528322,20080529_REsp_1054635_2528322_sum_7_STJ
b8808219233c,resp,787254,STJ,20081219_Ag_943418_7513484,20081219_Ag_943418_7513484_resp_787254_STJ
b8808219233c,resp,787254,STJ,20081212_REsp_1012999_2746074,20081212_REsp_1012999_2746074_resp_787254_STJ
b8808219233c,resp,787254,STJ,20090805_REsp_988520_3047564,20090805_REsp_988520_3047564_resp_787254_STJ
23456c098d92,aresp,170260,STJ,20131209_AREsp_369524_5440326,20131209_AREsp_369524_5440326_aresp_170260_STJ
d689fc916d75,ag,566344,STJ,20091016_REsp_1138831_2943894,20091016_REsp_1138831_2943894_ag_566344_STJ
e704a6453489,ag,784359,STJ,20101109_Ag_1350556_4517432,20101109_Ag_1350556_4517432_ag_784359_STJ
866bfad9fb9c,aresp,624404,STJ,20161014_AREsp_956109_8633649,20161014_AREsp_956109_8633649_aresp_624404_STJ
01f9d3a9c8fd,sum,182,STJ,20161121_AREsp_918447_8821138,20161121_AREsp_918447_8821138_sum_182_STJ
7a7bbad141e4,sum,187,STJ,20091019_Ag_905942_3557752,20091019_Ag_905942_3557752_sum_187_STJ
597776ed4060,resp,577655,STJ,20120831_REsp_1289427_2196193,20120831_REsp_1289427_2196193_resp_577655_STJ
b3e4e10021a3,resp,1151481,STJ,20120910_AREsp_106937_6681700,20120910_AREsp_106937_6681700_resp_1151481_STJ
140abf93f235,ag,1431263,STJ,20130404_AREsp_305361_5484019,20130404_AREsp_305361_5484019_ag_1431263_STJ
4dd6e36502e4,resp,1171095,STJ,20101105_REsp_1139042_3399058,20101105_REsp_1139042_3399058_resp_1171095_STJ
88016e3a7b03,resp,1184765,STJ,20131209_AREsp_369524_5440326,20131209_AREsp_369524_5440326_resp_1184765_STJ
42abe49659b6,aresp,50667,STJ,20140618_AREsp_459670_5524065,20140618_AREsp_459670_5524065_aresp_50667_STJ
9453f2a6f11e,resp,1070896,STJ,20130204_AREsp_268496_6685896,20130204_AREsp_268496_6685896_resp_1070896_STJ
9453f2a6f11e,resp,1070896,STJ,20130204_AREsp_268496_6685896,20130204_AREsp_268496_6685896_resp_1070896_STJ
27e79f13a6b0,ag,977769,STJ,20131209_AREsp_369524_5440326,20131209_AREsp_369524_5440326_ag_977769_STJ
4b4c749c99dd,resp,829835,STJ,20080612_REsp_1061338_2632838,20080612_REsp_1061338_2632838_resp_829835_STJ
4b4c749c99dd,resp,829835,STJ,20080804_Ag_1057544_76275,20080804_Ag_1057544_76275_resp_829835_STJ
4b4c749c99dd,resp,829835,STJ,20080804_REsp_1071589_2685477,20080804_REsp_1071589_2685477_resp_829835_STJ
4b4c749c99dd,resp,829835,STJ,20080529_REsp_1054635_2528322,20080529_REsp_1054635_2528322_resp_829835_STJ
c3f4e5e3ec35,aresp,235913,STJ,20131209_AREsp_369524_5440326,20131209_AREsp_369524_5440326_aresp_235913_STJ
c3f4e5e3ec35,aresp,235913,STJ,20130404_AREsp_305361_5484019,20130404_AREsp_305361_5484019_aresp_235913_STJ
d45bee387b18,resp,859573,STJ,20120831_REsp_1289427_2196193,20120831_REsp_1289427_2196193_resp_859573_STJ
d412a94abd84,resp,829835,STJ,20081219_Ag_943418_7513484,20081219_Ag_943418_7513484_resp_829835_STJ
d412a94abd84,resp,829835,STJ,20081212_REsp_1012999_2746074,20081212_REsp_1012999_2746074_resp_829835_STJ
d412a94abd84,resp,829835,STJ,20090805_REsp_988520_3047564,20090805_REsp_988520_3047564_resp_829835_STJ
9497ab01bb95,aresp,166453,STJ,20131209_AREsp_369524_5440326,20131209_AREsp_369524_5440326_aresp_166453_STJ
e98ec95dee3a,sum,182,STJ,20150316_AREsp_523065_4635895,20150316_AREsp_523065_4635895_sum_182_STJ
09758d94b25a,eag,1135643,STJ,20111125_AREsp_43328_5594544,20111125_AREsp_43328_5594544_eag_1135643_STJ
50ab5e6f1095,agravo,314288,STJ,20130204_AREsp_268496_6685896,20130204_AREsp_268496_6685896_agravo_314288_STJ
99cdc648d44b,resp,1033241,STJ,20111114_Ag_1419867_3969826,20111114_Ag_1419867_3969826_resp_1033241_STJ
90cb1b76fc17,resp,470443,STJ,20090805_REsp_988520_3047564,20090805_REsp_988520_3047564_resp_470443_STJ
07cadcb2c130,resp,1033241,STJ,20110324_Ag_1376571_4149556,20110324_Ag_1376571_4149556_resp_1033241_STJ
3b389f6f1cab,resp,1134186,STJ,20150514_REsp_1353280_382208,20150514_REsp_1353280_382208_resp_1134186_STJ
60abf98486af,resp,248750,STJ,20081212_REsp_1012999_2746074,20081212_REsp_1012999_2746074_resp_248750_STJ
f9759231b6ec,resp,143082,STJ,20110413_REsp_1136904_2910686,20110413_REsp_1136904_2910686_resp_143082_STJ
3b5d9962c413,resp,1301989,STJ,20160601_REsp_1579307_7718139,20160601_REsp_1579307_7718139_resp_1301989_STJ
3b5d9962c413,resp,1301989,STJ,20160601_REsp_1579307_7718139,20160601_REsp_1579307_7718139_resp_1301989_STJ
ba1d69a81d2d,aresp,235066,STJ,20130204_AREsp_268496_6685896,20130204_AREsp_268496_6685896_aresp_235066_STJ
9b5379f8194a,sum,5,STJ,20171205_AREsp_878588_8677951,20171205_AREsp_878588_8677951_sum_5_STJ
9b5379f8194a,sum,7,STJ,20171205_AREsp_878588_8677951,20171205_AREsp_878588_8677951_sum_7_STJ
59fd21f5a0fb,aresp,236316,STJ,20130404_AREsp_305361_5484019,20130404_AREsp_305361_5484019_aresp_236316_STJ
8286dc4775f0,sum,284,STJ,20110413_REsp_1136904_2910686,20110413_REsp_1136904_2910686_sum_284_STJ
024aa704bcd9,sum,187,STJ,20140618_AREsp_459670_5524065,20140618_AREsp_459670_5524065_sum_187_STJ
c1c0bb28acd2,aresp,219410,STJ,20130404_AREsp_305361_5484019,20130404_AREsp_305361_5484019_aresp_219410_STJ
306de157b444,ag,1362396,STJ,20130606_AREsp_322420_5056138,20130606_AREsp_322420_5056138_ag_1362396_STJ
eb781f2013a0,ag,228787,STJ,20100602_Ag_1304904_162729,20100602_Ag_1304904_162729_ag_228787_STJ
43c313286bf0,ag,1241620,STJ,20111013_Ag_1408096_4581158,20111013_Ag_1408096_4581158_ag_1241620_STJ
fd1d11a956f8,cc,112799,STJ,20150408_CC_139489_755443,20150408_CC_139489_755443_cc_112799_STJ
65200b9e3777,resp,975834,STJ,20081008_Ag_973204_7540554,20081008_Ag_973204_7540554_resp_975834_STJ
5e93ac01c26a,sum,7,STJ,20131209_AREsp_369524_5440326,20131209_AREsp_369524_5440326_sum_7_STJ
f67fb7590882,ag,928938,STJ,20130404_AREsp_305361_5484019,20130404_AREsp_305361_5484019_ag_928938_STJ
82268dd796c6,sum,150,STF,20130204_AREsp_268496_6685896,20130204_AREsp_268496_6685896_sum_150_STF
82268dd796c6,sum,150,STF,20130204_AREsp_268496_6685896,20130204_AREsp_268496_6685896_sum_150_STF
e2ba4c1480ac,resp,860746,STJ,20100602_Ag_1302917_4124165,20100602_Ag_1302917_4124165_resp_860746_STJ
3327080e4144,sum,7,STJ,20091023_Ag_1205285_4053663,20091023_Ag_1205285_4053663_sum_7_STJ
3327080e4144,sum,7,STJ,20091023_Ag_1205285_4053663,20091023_Ag_1205285_4053663_sum_7_STJ
3327080e4144,sum,7,STJ,20131209_AREsp_369524_5440326,20131209_AREsp_369524_5440326_sum_7_STJ
8122d4385cdb,resp,505005,STJ,20110309_Ag_1382151_4383776,20110309_Ag_1382151_4383776_resp_505005_STJ
e2162ad1e42b,resp,1033241,STJ,20121121_AREsp_232715_6616906,20121121_AREsp_232715_6616906_resp_1033241_STJ
e2162ad1e42b,resp,1033241,STJ,20130606_AREsp_322420_5056138,20130606_AREsp_322420_5056138_resp_1033241_STJ
545930f4e293,sum,5,STJ,20171205_AREsp_878588_8677951,20171205_AREsp_878588_8677951_sum_5_STJ
545930f4e293,sum,7,STJ,20171205_AREsp_878588_8677951,20171205_AREsp_878588_8677951_sum_7_STJ
ee844ac6fb81,resp,1153690,STJ,20110413_REsp_1136904_2910686,20110413_REsp_1136904_2910686_resp_1153690_STJ
bcddfadbf04c,resp,445823,STJ,20170609_REsp_1362821_8156706,20170609_REsp_1362821_8156706_resp_445823_STJ
cd4a0779e1e3,resp,982133,STJ,20100902_Ag_1326494_4002515,20100902_Ag_1326494_4002515_resp_982133_STJ
16a5b9a63de8,resp,822248,STJ,20081219_Ag_943418_7513484,20081219_Ag_943418_7513484_resp_822248_STJ
16a5b9a63de8,resp,822248,STJ,20081212_REsp_1012999_2746074,20081212_REsp_1012999_2746074_resp_822248_STJ
16a5b9a63de8,resp,822248,STJ,20090805_REsp_988520_3047564,20090805_REsp_988520_3047564_resp_822248_STJ
f4e913f69272,ag,1299938,STJ,20100902_Ag_1326494_4002515,20100902_Ag_1326494_4002515_ag_1299938_STJ
c40cb3bd7a49,sum,115,STJ,20091207_Ag_1174982_4332320,20091207_Ag_1174982_4332320_sum_115_STJ
7a69723bd086,resp,473159,STJ,20080529_REsp_1054635_2528322,20080529_REsp_1054635_2528322_resp_473159_STJ
b04a90545a86,resp,1025298,STJ,20111114_Ag_1419867_3969826,20111114_Ag_1419867_3969826_resp_1025298_STJ
df6b1062d8f9,aresp,224239,STJ,20131209_AREsp_369524_5440326,20131209_AREsp_369524_5440326_aresp_224239_STJ
df6b1062d8f9,aresp,224239,STJ,20130404_AREsp_305361_5484019,20130404_AREsp_305361_5484019_aresp_224239_STJ
eb2565f4d0cd,sum,98,STJ,20101109_Ag_1350556_4517432,20101109_Ag_1350556_4517432_sum_98_STJ
eb2565f4d0cd,sum,98,STJ,20101109_Ag_1350556_4517432,20101109_Ag_1350556_4517432_sum_98_STJ
48c0e0a4173b,sum,83,STJ,20111013_Ag_1408096_4581158,20111013_Ag_1408096_4581158_sum_83_STJ
367b54cc2756,resp,965541,STJ,20130403_AREsp_263271_5299358,20130403_AREsp_263271_5299358_resp_965541_STJ
baf44eafe6fa,aresp,539292,STJ,20171205_AREsp_878588_8677951,20171205_AREsp_878588_8677951_aresp_539292_STJ
b808bbfa8c28,sum,7,STJ,20091023_Ag_1205285_4053663,20091023_Ag_1205285_4053663_sum_7_STJ
2dbbbc3fdc83,ag,1015101,STJ,20111206_REsp_1277183_3101906,20111206_REsp_1277183_3101906_ag_1015101_STJ
d5c691c843fb,resp,182820,STJ,20120831_REsp_1289427_2196193,20120831_REsp_1289427_2196193_resp_182820_STJ
80aab752e041,ag,1140328,STJ,20101217_Ag_1365355_4202989,20101217_Ag_1365355_4202989_ag_1140328_STJ
80aab752e041,ag,1140328,STJ,20110309_Ag_1382151_4383776,20110309_Ag_1382151_4383776_ag_1140328_STJ
80aab752e041,ag,1140328,STJ,20120320_Ag_1430506_4483324,20120320_Ag_1430506_4483324_ag_1140328_STJ
535968d91f05,cc,90160,STJ,20150408_CC_139489_755443,20150408_CC_139489_755443_cc_90160_STJ
5bd35cc3c44c,resp,1130139,STJ,20120228_AREsp_92285_6573943,20120228_AREsp_92285_6573943_resp_1130139_STJ
f91c36f886fd,ag,720138,STJ,20090805_REsp_988520_3047564,20090805_REsp_988520_3047564_ag_720138_STJ
812946f81fcf,sum,283,STF,20140423_AREsp_322955_5301468,20140423_AREsp_322955_5301468_sum_283_STF
812946f81fcf,sum,283,STF,20151201_AREsp_687468_8874400,20151201_AREsp_687468_8874400_sum_283_STF
6b64631b48b9,ag,976175,STJ,20091016_REsp_1138831_2943894,20091016_REsp_1138831_2943894_ag_976175_STJ
7be4f1260613,ag,870514,STJ,20081212_REsp_1012999_2746074,20081212_REsp_1012999_2746074_ag_870514_STJ
7be4f1260613,ag,870514,STJ,20090805_REsp_988520_3047564,20090805_REsp_988520_3047564_ag_870514_STJ
e159091fddea,rms,12520,STJ,20170609_REsp_1362821_8156706,20170609_REsp_1362821_8156706_rms_12520_STJ
ed4d747d45e3,aresp,280671,STJ,20141219_AREsp_405831_5268127,20141219_AREsp_405831_5268127_aresp_280671_STJ
52bec25a2052,resp,886178,STJ,20130829_REsp_1377764_2261836,20130829_REsp_1377764_2261836_resp_886178_STJ
830e93d8a381,resp,940274,STJ,20111122_AREsp_37680_5187092,20111122_AREsp_37680_5187092_resp_940274_STJ
0d208dc6d6d4,sum,283,STF,20100902_Ag_1326494_4002515,20100902_Ag_1326494_4002515_sum_283_STF
cf33cd2f86b0,ag,985226,STJ,20081219_Ag_943418_7513484,20081219_Ag_943418_7513484_ag_985226_STJ
cf33cd2f86b0,ag,985226,STJ,20081212_REsp_1012999_2746074,20081212_REsp_1012999_2746074_ag_985226_STJ
cf33cd2f86b0,ag,985226,STJ,20090805_REsp_988520_3047564,20090805_REsp_988520_3047564_ag_985226_STJ
4a6adf08be67,aresp,134574,STJ,20130606_AREsp_322420_5056138,20130606_AREsp_322420_5056138_aresp_134574_STJ
8326ffc5eca3,aresp,224239,STJ,20130404_AREsp_305361_5484019,20130404_AREsp_305361_5484019_aresp_224239_STJ
f02b6f5b9d12,resp,975834,STJ,20081008_Ag_973204_7540554,20081008_Ag_973204_7540554_resp_975834_STJ
a820d5a8d76a,sum,5,STJ,20110630_Ag_1336237_4595480,20110630_Ag_1336237_4595480_sum_5_STJ
a820d5a8d76a,sum,7,STJ,20110630_Ag_1336237_4595480,20110630_Ag_1336237_4595480_sum_7_STJ
9f722a9152ea,sum,182,STJ,20150316_AREsp_523065_4635895,20150316_AREsp_523065_4635895_sum_182_STJ
65d71e364933,ag,1004891,STJ,20081219_Ag_943418_7513484,20081219_Ag_943418_7513484_ag_1004891_STJ
65d71e364933,ag,1004891,STJ,20081212_REsp_1012999_2746074,20081212_REsp_1012999_2746074_ag_1004891_STJ
65d71e364933,ag,1004891,STJ,20090805_REsp_988520_3047564,20090805_REsp_988520_3047564_ag_1004891_STJ
c0f30f80fa71,sum,211,STJ,20150514_REsp_1353280_382208,20150514_REsp_1353280_382208_sum_211_STJ
82ff189b03ab,resp,1447618,STJ,20171205_AREsp_878588_8677951,20171205_AREsp_878588_8677951_resp_1447618_STJ
01c4da68cc1d,ag,976175,STJ,20150514_REsp_1353280_382208,20150514_REsp_1353280_382208_ag_976175_STJ
7a76b1d9809b,aresp,235823,STJ,20130404_AREsp_305361_5484019,20130404_AREsp_305361_5484019_aresp_235823_STJ
b85a6decddd5,aresp,753482,STJ,20171205_AREsp_878588_8677951,20171205_AREsp_878588_8677951_aresp_753482_STJ
1d5f633ac720,resp,1098500,STJ,20100902_Ag_1326494_4002515,20100902_Ag_1326494_4002515_resp_1098500_STJ
95d69ff22606,sum,211,STJ,20100226_Ag_1184980_4140139,20100226_Ag_1184980_4140139_sum_211_STJ
be482908c9bf,ag,1092421,STJ,20130606_AREsp_322420_5056138,20130606_AREsp_322420_5056138_ag_1092421_STJ
31cb0775b23c,sum,371,STJ,20100326_REsp_1176475_2766019,20100326_REsp_1176475_2766019_sum_371_STJ
1b75e5618f17,sum,7,STJ,20120808_AREsp_73871_5107670,20120808_AREsp_73871_5107670_sum_7_STJ
1b75e5618f17,sum,83,STJ,20120808_AREsp_73871_5107670,20120808_AREsp_73871_5107670_sum_83_STJ
c04b0295ba37,ag,1399398,STJ,20131209_AREsp_369524_5440326,20131209_AREsp_369524_5440326_ag_1399398_STJ
b910afaca773,agravo,122727220164020000,STJ,20170627_CC_152615_8331456,20170627_CC_152615_8331456_agravo_122727220164020000_STJ
c64fee961df3,ag,1245020,STJ,20160310_AREsp_807909_8967298,20160310_AREsp_807909_8967298_ag_1245020_STJ
1d51e35a64c4,sum,7,STJ,20150514_REsp_1353280_382208,20150514_REsp_1353280_382208_sum_7_STJ
fd2a626d9159,resp,202056,STJ,20100902_Ag_1326494_4002515,20100902_Ag_1326494_4002515_resp_202056_STJ
5e49d1e69d27,resp,940698,STJ,20100902_Ag_1326494_4002515,20100902_Ag_1326494_4002515_resp_940698_STJ
ce4e391b00b5,sum,211,STJ,20150514_REsp_1353280_382208,20150514_REsp_1353280_382208_sum_211_STJ
ce4e391b00b5,sum,211,STJ,20150514_REsp_1353280_382208,20150514_REsp_1353280_382208_sum_211_STJ
eb91230e3b91,aresp,196150,STJ,20130404_AREsp_305361_5484019,20130404_AREsp_305361_5484019_aresp_196150_STJ
16add71fd6bb,resp,113355,STJ,20170609_REsp_1362821_8156706,20170609_REsp_1362821_8156706_resp_113355_STJ
e723fd7c93eb,sum,98,STJ,20120320_Ag_1430506_4483324,20120320_Ag_1430506_4483324_sum_98_STJ
55093e707011,resp,469410,STJ,20081212_REsp_1012999_2746074,20081212_REsp_1012999_2746074_resp_469410_STJ
2d77c8787c60,aresp,235789,STJ,20130404_AREsp_305361_5484019,20130404_AREsp_305361_5484019_aresp_235789_STJ
bd908babd332,resp,1033241,STJ,20090417_REsp_1095034_1908415,20090417_REsp_1095034_1908415_resp_1033241_STJ
4748bc62ed4b,resp,1037208,STJ,20111206_REsp_1277183_3101906,20111206_REsp_1277183_3101906_resp_1037208_STJ
a99be84c661c,sum,211,STJ,20171205_AREsp_878588_8677951,20171205_AREsp_878588_8677951_sum_211_STJ
a99be84c661c,sum,5,STJ,20171205_AREsp_878588_8677951,20171205_AREsp_878588_8677951_sum_5_STJ
a99be84c661c,sum,7,STJ,20171205_AREsp_878588_8677951,20171205_AREsp_878588_8677951_sum_7_STJ
cff1f79ea9f8,resp,749200,STJ,20081219_Ag_943418_7513484,20081219_Ag_943418_7513484_resp_749200_STJ
cff1f79ea9f8,resp,749200,STJ,20081212_REsp_1012999_2746074,20081212_REsp_1012999_2746074_resp_749200_STJ
cff1f79ea9f8,resp,749200,STJ,20090805_REsp_988520_3047564,20090805_REsp_988520_3047564_resp_749200_STJ
69aa487e20a7,resp,1033241,STJ,20110505_Ag_1397103_4362216,20110505_Ag_1397103_4362216_resp_1033241_STJ
4dffca798f72,resp,1025298,STJ,20110324_Ag_1376571_4149556,20110324_Ag_1376571_4149556_resp_1025298_STJ
6ed5c5c5db44,resp,975834,STJ,20080509_Ag_990896_3774450,20080509_Ag_990896_3774450_resp_975834_STJ
6ed5c5c5db44,resp,975834,STJ,20080430_Ag_1015912_3959395,20080430_Ag_1015912_3959395_resp_975834_STJ
7093a0489bff,ag,1160319,STJ,20130403_AREsp_263271_5299358,20130403_AREsp_263271_5299358_ag_1160319_STJ
436060de1ecb,ag,1298251,STJ,20100902_Ag_1326494_4002515,20100902_Ag_1326494_4002515_ag_1298251_STJ
74ff075de181,agravo,12,STJ,20170627_CC_152615_8331456,20170627_CC_152615_8331456_agravo_12_STJ
74ff075de181,agravo,2727220164020000,STJ,20170627_CC_152615_8331456,20170627_CC_152615_8331456_agravo_2727220164020000_STJ
0f062d84279f,resp,975834,STJ,20080623_Ag_986179_3837319,20080623_Ag_986179_3837319_resp_975834_STJ
2599004c8c84,sum,282,STF,20140423_AREsp_322955_5301468,20140423_AREsp_322955_5301468_sum_282_STF
9fbee14a49f8,resp,1038699,STJ,20081219_Ag_943418_7513484,20081219_Ag_943418_7513484_resp_1038699_STJ
9fbee14a49f8,resp,1038699,STJ,20081212_REsp_1012999_2746074,20081212_REsp_1012999_2746074_resp_1038699_STJ
9fbee14a49f8,resp,1038699,STJ,20090805_REsp_988520_3047564,20090805_REsp_988520_3047564_resp_1038699_STJ
1cfa68fbf20a,resp,770746,STJ,20081008_Ag_973204_7540554,20081008_Ag_973204_7540554_resp_770746_STJ
d3ef95186605,resp,1128787,STJ,20110309_Ag_1382151_4383776,20110309_Ag_1382151_4383776_resp_1128787_STJ
dc9046cc6196,ag,850859,STJ,20101109_Ag_1350556_4517432,20101109_Ag_1350556_4517432_ag_850859_STJ
36f25e9e0539,ag,1327008,STJ,20150514_REsp_1353280_382208,20150514_REsp_1353280_382208_ag_1327008_STJ
9d0f9f81d4a5,resp,954508,STJ,20100902_Ag_1326494_4002515,20100902_Ag_1326494_4002515_resp_954508_STJ
c55d779f0a1d,resp,975834,STJ,20081219_Ag_943418_7513484,20081219_Ag_943418_7513484_resp_975834_STJ
c55d779f0a1d,resp,975834,STJ,20081212_REsp_1012999_2746074,20081212_REsp_1012999_2746074_resp_975834_STJ
c55d779f0a1d,resp,975834,STJ,20090805_REsp_988520_3047564,20090805_REsp_988520_3047564_resp_975834_STJ
015565fe0aa6,resp,470443,STJ,20081008_Ag_973204_7540554,20081008_Ag_973204_7540554_resp_470443_STJ
6175640b48a4,resp,1223668,STJ,20111122_AREsp_37680_5187092,20111122_AREsp_37680_5187092_resp_1223668_STJ
a722743c2327,ag,1401302,STJ,20120626_AREsp_168724_6650706,20120626_AREsp_168724_6650706_ag_1401302_STJ
715171e2393d,ag,772123,STJ,20101004_Ag_1258374_4140506,20101004_Ag_1258374_4140506_ag_772123_STJ
408282194579,resp,401154,STJ,20110309_Ag_1382151_4383776,20110309_Ag_1382151_4383776_resp_401154_STJ
ae676203eba2,ag,943489,STJ,20150514_REsp_1353280_382208,20150514_REsp_1353280_382208_ag_943489_STJ
7986f74b4a85,aresp,856199,STJ,20171205_AREsp_878588_8677951,20171205_AREsp_878588_8677951_aresp_856199_STJ
e32ae0294db0,aresp,1048590,STJ,20171205_AREsp_878588_8677951,20171205_AREsp_878588_8677951_aresp_1048590_STJ
6b55c08e3be6,aresp,398617,STJ,20140618_AREsp_459670_5524065,20140618_AREsp_459670_5524065_aresp_398617_STJ
91cdb7d385d4,ag,986286,STJ,20110413_REsp_1136904_2910686,20110413_REsp_1136904_2910686_ag_986286_STJ
a73a13b156d9,resp,473159,STJ,20081219_Ag_943418_7513484,20081219_Ag_943418_7513484_resp_473159_STJ
a73a13b156d9,resp,473159,STJ,20081212_REsp_1012999_2746074,20081212_REsp_1012999_2746074_resp_473159_STJ
a73a13b156d9,resp,473159,STJ,20090805_REsp_988520_3047564,20090805_REsp_988520_3047564_resp_473159_STJ
3867b00511a0,resp,1033241,STJ,20130403_AREsp_263271_5299358,20130403_AREsp_263271_5299358_resp_1033241_STJ
e64c8520ab91,ag,845425,STJ,20090921_Ag_1183597_4559317,20090921_Ag_1183597_4559317_ag_845425_STJ
eee350f04359,resp,1025298,STJ,20110324_Ag_1376571_4149556,20110324_Ag_1376571_4149556_resp_1025298_STJ
6dc00388c43d,resp,1157271,STJ,20150701_REsp_1357149_499222,20150701_REsp_1357149_499222_resp_1157271_STJ
e2f3fb0291f7,sum,389,STJ,20100902_Ag_1326494_4002515,20100902_Ag_1326494_4002515_sum_389_STJ
ebaaaf1b0365,resp,1025298,STJ,20120626_AREsp_168724_6650706,20120626_AREsp_168724_6650706_resp_1025298_STJ
48f2027fe03d,sum,5,STJ,20081219_Ag_943418_7513484,20081219_Ag_943418_7513484_sum_5_STJ
48f2027fe03d,sum,5,STJ,20081212_REsp_1012999_2746074,20081212_REsp_1012999_2746074_sum_5_STJ
48f2027fe03d,sum,5,STJ,20090805_REsp_988520_3047564,20090805_REsp_988520_3047564_sum_5_STJ
48f2027fe03d,sum,7,STJ,20081219_Ag_943418_7513484,20081219_Ag_943418_7513484_sum_7_STJ
48f2027fe03d,sum,7,STJ,20081212_REsp_1012999_2746074,20081212_REsp_1012999_2746074_sum_7_STJ
48f2027fe03d,sum,7,STJ,20090805_REsp_988520_3047564,20090805_REsp_988520_3047564_sum_7_STJ
f12ca7a2bfc4,resp,1033241,STJ,20110505_Ag_1397103_4362216,20110505_Ag_1397103_4362216_resp_1033241_STJ
b2b10964a137,ag,908764,STJ,20081219_Ag_943418_7513484,20081219_Ag_943418_7513484_ag_908764_STJ
b2b10964a137,ag,908764,STJ,20081212_REsp_1012999_2746074,20081212_REsp_1012999_2746074_ag_908764_STJ
b2b10964a137,ag,908764,STJ,20090805_REsp_988520_3047564,20090805_REsp_988520_3047564_ag_908764_STJ
dbfc6fd14751,resp,943532,STJ,20100902_Ag_1326494_4002515,20100902_Ag_1326494_4002515_resp_943532_STJ
b9713e338c00,sum,371,STJ,20100920_Ag_1243275_4232662,20100920_Ag_1243275_4232662_sum_371_STJ
f336838014d4,aresp,225309,STJ,20130404_AREsp_305361_5484019,20130404_AREsp_305361_5484019_aresp_225309_STJ
e2ba0424372e,aresp,214975,STJ,20130606_AREsp_322420_5056138,20130606_AREsp_322420_5056138_aresp_214975_STJ
8ad620a1840b,resp,612786,STJ,20100602_Ag_1304904_162729,20100602_Ag_1304904_162729_resp_612786_STJ
4cb8746bfd7e,ag,849067,STJ,20110413_REsp_1136904_2910686,20110413_REsp_1136904_2910686_ag_849067_STJ
bb896c0be774,resp,336741,STJ,20091023_Ag_1205285_4053663,20091023_Ag_1205285_4053663_resp_336741_STJ
0b9b975904e6,resp,612786,STJ,20120320_Ag_1430506_4483324,20120320_Ag_1430506_4483324_resp_612786_STJ
7ec6a24ddd0e,resp,1048189,STJ,20080804_Ag_1057544_76275,20080804_Ag_1057544_76275_resp_1048189_STJ
ffb1be343b0f,ag,1231028,STJ,20160310_AREsp_807909_8967298,20160310_AREsp_807909_8967298_ag_1231028_STJ
b780324c8bf3,ag,1426474,STJ,20130404_AREsp_305361_5484019,20130404_AREsp_305361_5484019_ag_1426474_STJ
daa592e78d92,sum,123,STJ,20110630_Ag_1336237_4595480,20110630_Ag_1336237_4595480_sum_123_STJ
709426ca661c,sum,5,STJ,20090805_REsp_988520_3047564,20090805_REsp_988520_3047564_sum_5_STJ
709426ca661c,sum,7,STJ,20090805_REsp_988520_3047564,20090805_REsp_988520_3047564_sum_7_STJ
492deffe8566,resp,975834,STJ,20080530_Ag_994603_7549473,20080530_Ag_994603_7549473_resp_975834_STJ
09d3b776cd01,ag,578549,STJ,20090805_REsp_988520_3047564,20090805_REsp_988520_3047564_ag_578549_STJ
d856c71bb56c,eresp,724158,STJ,20130829_REsp_1377764_2261836,20130829_REsp_1377764_2261836_eresp_724158_STJ
9508f43f9fc4,aresp,195560,STJ,20131209_AREsp_369524_5440326,20131209_AREsp_369524_5440326_aresp_195560_STJ
9508f43f9fc4,aresp,195560,STJ,20130404_AREsp_305361_5484019,20130404_AREsp_305361_5484019_aresp_195560_STJ
1cea9fe61ee7,ag,1341674,STJ,20120808_AREsp_73871_5107670,20120808_AREsp_73871_5107670_ag_1341674_STJ
0798c491b671,sum,7,STJ,20090805_REsp_988520_3047564,20090805_REsp_988520_3047564_sum_7_STJ
cee34a8fb855,ag,1280931,STJ,20120808_AREsp_73871_5107670,20120808_AREsp_73871_5107670_ag_1280931_STJ
d5226d528a40,ag,1011730,STJ,20081219_Ag_943418_7513484,20081219_Ag_943418_7513484_ag_1011730_STJ
d5226d528a40,ag,1011730,STJ,20081212_REsp_1012999_2746074,20081212_REsp_1012999_2746074_ag_1011730_STJ
d5226d528a40,ag,1011730,STJ,20090805_REsp_988520_3047564,20090805_REsp_988520_3047564_ag_1011730_STJ
57120363ec31,resp,975834,STJ,20080612_REsp_1061338_2632838,20080612_REsp_1061338_2632838_resp_975834_STJ
57120363ec31,resp,975834,STJ,20080804_REsp_1071589_2685477,20080804_REsp_1071589_2685477_resp_975834_STJ
57120363ec31,resp,975834,STJ,20080529_REsp_1054635_2528322,20080529_REsp_1054635_2528322_resp_975834_STJ
419be81dd89f,resp,470443,STJ,20081008_Ag_973204_7540554,20081008_Ag_973204_7540554_resp_470443_STJ
f875234b5d60,sum,371,STJ,20111206_REsp_1277183_3101906,20111206_REsp_1277183_3101906_sum_371_STJ
8023f27681f2,resp,1078502,STJ,20100902_Ag_1326494_4002515,20100902_Ag_1326494_4002515_resp_1078502_STJ
552e852af0c4,ag,1034920,STJ,20101217_Ag_1365355_4202989,20101217_Ag_1365355_4202989_ag_1034920_STJ
552e852af0c4,ag,1034920,STJ,20110309_Ag_1382151_4383776,20110309_Ag_1382151_4383776_ag_1034920_STJ
552e852af0c4,ag,1034920,STJ,20120320_Ag_1430506_4483324,20120320_Ag_1430506_4483324_ag_1034920_STJ
a58d73b9760c,aresp,849405,STJ,20160601_REsp_1579307_7718139,20160601_REsp_1579307_7718139_aresp_849405_STJ
ad82fe48ade4,ag,996558,STJ,20091019_Ag_905942_3557752,20091019_Ag_905942_3557752_ag_996558_STJ
cae0855e8b36,ag,578703,STJ,20080804_REsp_1071589_2685477,20080804_REsp_1071589_2685477_ag_578703_STJ
9cb77d25db5a,resp,1037208,STJ,20090805_REsp_988520_3047564,20090805_REsp_988520_3047564_resp_1037208_STJ
c3f6573147cb,resp,976968,STJ,20080430_Ag_1015912_3959395,20080430_Ag_1015912_3959395_resp_976968_STJ
7a5ec152aa8b,resp,1066356,STJ,20100902_Ag_1326494_4002515,20100902_Ag_1326494_4002515_resp_1066356_STJ
4a9acabd17c7,resp,963283,STJ,20090226_REsp_1027290_2099967,20090226_REsp_1027290_2099967_resp_963283_STJ
0e2a598d61a3,resp,940274,STJ,20101105_REsp_1139042_3399058,20101105_REsp_1139042_3399058_resp_940274_STJ
4e46ba8a6755,resp,9770,STJ,20080804_Ag_1057544_76275,20080804_Ag_1057544_76275_resp_9770_STJ
ce128a3a1751,resp,1033241,STJ,20090420_REsp_1053884_3382623,20090420_REsp_1053884_3382623_resp_1033241_STJ
bdf96a071477,resp,793245,STJ,20130829_REsp_1377764_2261836,20130829_REsp_1377764_2261836_resp_793245_STJ
b5a5203a3ce3,aresp,104647,STJ,20130606_AREsp_322420_5056138,20130606_AREsp_322420_5056138_aresp_104647_STJ
c811586f3230,sum,83,STJ,20161121_AREsp_918447_8821138,20161121_AREsp_918447_8821138_sum_83_STJ
26603441e624,resp,1168381,STJ,20150701_REsp_1357149_499222,20150701_REsp_1357149_499222_resp_1168381_STJ
7da7474407a2,resp,1301989,STJ,20160601_REsp_1579307_7718139,20160601_REsp_1579307_7718139_resp_1301989_STJ
4c58c8b3f99b,resp,470443,STJ,20080529_REsp_1054635_2528322,20080529_REsp_1054635_2528322_resp_470443_STJ
7cc0f9c23f5c,resp,1275215,STJ,20130204_AREsp_268496_6685896,20130204_AREsp_268496_6685896_resp_1275215_STJ
7cc0f9c23f5c,resp,1276376,STJ,20130204_AREsp_268496_6685896,20130204_AREsp_268496_6685896_resp_1276376_STJ
806a5aa19553,ag,1292654,STJ,20100902_Ag_1326494_4002515,20100902_Ag_1326494_4002515_ag_1292654_STJ
